<?xml version="1.0" encoding="UTF-8"?>
<jax-ws xmlns="http://www.netbeans.org/ns/jax-ws/1">
  <services>
    <service name="HealthFitnessService">
      <implementation-class>com.HealthFitness.service.HealthFitnessService</implementation-class>
    </service>
    <service name="MacroCalculatorService">
      <implementation-class>com.HealthFitness.service.MacroCalculatorService</implementation-class>
    </service>
  </services>
  <clients>
    <client name="MacroCalculatorService">
      <wsdl-url>http://localhost:8080/HealthAndFitness/MacroCalculatorService?wsdl</wsdl-url>
      <local-wsdl-file>localhost_8080/HealthAndFitness/MacroCalculatorService.wsdl</local-wsdl-file>
      <package-name forceReplace="true">com.HealthFitness.client</package-name>
      <catalog-file>catalog.xml</catalog-file>
      <wsimport-options>
        <wsimport-option>
          <wsimport-option-name>extension</wsimport-option-name>
          <wsimport-option-value>true</wsimport-option-value>
        </wsimport-option>
        <wsimport-option>
          <wsimport-option-name>verbose</wsimport-option-name>
          <wsimport-option-value>true</wsimport-option-value>
        </wsimport-option>
        <wsimport-option>
          <wsimport-option-name>fork</wsimport-option-name>
          <wsimport-option-value>false</wsimport-option-value>
        </wsimport-option>
        <wsimport-option>
          <wsimport-option-name>wsdlLocation</wsimport-option-name>
          <wsimport-option-value>http://localhost:8080/HealthAndFitness/MacroCalculatorService?wsdl</wsimport-option-value>
        </wsimport-option>
        <wsimport-option>
          <wsimport-option-name>xnocompile</wsimport-option-name>
          <wsimport-option-value>true</wsimport-option-value>
        </wsimport-option>
        <wsimport-option>
          <wsimport-option-name>xendorsed</wsimport-option-name>
          <wsimport-option-value>true</wsimport-option-value>
        </wsimport-option>
        <wsimport-option>
          <wsimport-option-name>package</wsimport-option-name>
          <wsimport-option-value>com.HealthFitness.client</wsimport-option-value>
        </wsimport-option>
      </wsimport-options>
    </client>
    <client name="HealthAndFitnessService">
      <wsdl-url>http://localhost:8080/HealthAndFitness/HealthAndFitnessService?wsdl</wsdl-url>
      <local-wsdl-file>localhost_8080/HealthAndFitness/HealthAndFitnessService.wsdl</local-wsdl-file>
      <package-name forceReplace="true">com.HealthFitness.client</package-name>
      <catalog-file>catalog.xml</catalog-file>
      <wsimport-options>
        <wsimport-option>
          <wsimport-option-name>extension</wsimport-option-name>
          <wsimport-option-value>true</wsimport-option-value>
        </wsimport-option>
        <wsimport-option>
          <wsimport-option-name>verbose</wsimport-option-name>
          <wsimport-option-value>true</wsimport-option-value>
        </wsimport-option>
        <wsimport-option>
          <wsimport-option-name>fork</wsimport-option-name>
          <wsimport-option-value>false</wsimport-option-value>
        </wsimport-option>
        <wsimport-option>
          <wsimport-option-name>wsdlLocation</wsimport-option-name>
          <wsimport-option-value>http://localhost:8080/HealthAndFitness/HealthAndFitnessService?wsdl</wsimport-option-value>
        </wsimport-option>
        <wsimport-option>
          <wsimport-option-name>xnocompile</wsimport-option-name>
          <wsimport-option-value>true</wsimport-option-value>
        </wsimport-option>
        <wsimport-option>
          <wsimport-option-name>xendorsed</wsimport-option-name>
          <wsimport-option-value>true</wsimport-option-value>
        </wsimport-option>
        <wsimport-option>
          <wsimport-option-name>package</wsimport-option-name>
          <wsimport-option-value>com.HealthFitness.client</wsimport-option-value>
        </wsimport-option>
      </wsimport-options>
    </client>
  </clients>
</jax-ws>
