<?xml version="1.0" encoding="UTF-8"?>
<project-private xmlns="http://www.netbeans.org/ns/project-private/1">
    <editor-bookmarks xmlns="http://www.netbeans.org/ns/editor-bookmarks/2" lastBookmarkId="0"/>
    <open-files xmlns="http://www.netbeans.org/ns/projectui-open-files/2">
        <group>
            <file>file:/C:/(A)Faiz/UTHM/SEM%204/BIW21404%20-%20Teknologis%20Servis%20Web/Github%20Project/Group2_WebService_Project/HealthAndFitness/web/BMICalculator.jsp</file>
            <file>file:/C:/(A)Faiz/UTHM/SEM%204/BIW21404%20-%20Teknologis%20Servis%20Web/Github%20Project/Group2_WebService_Project/HealthAndFitness/web/SNECalculator.jsp</file>
            <file>file:/C:/(A)Faiz/UTHM/SEM%204/BIW21404%20-%20Teknologis%20Servis%20Web/Github%20Project/Group2_WebService_Project/HealthAndFitness/web/MacroCalculator.jsp</file>
            <file>file:/C:/(A)Faiz/UTHM/SEM%204/BIW21404%20-%20Teknologis%20Servis%20Web/Github%20Project/Group2_WebService_Project/HealthAndFitness/src/java/com/HealthFitness/service/HealthFitnessService.java</file>
            <file>file:/C:/(A)Faiz/UTHM/SEM%204/BIW21404%20-%20Teknologis%20Servis%20Web/Github%20Project/Group2_WebService_Project/HealthAndFitness/src/java/com/HealthFitness/service/MacroCalculatorService.java</file>
            <file>file:/C:/(A)Faiz/UTHM/SEM%204/BIW21404%20-%20Teknologis%20Servis%20Web/Github%20Project/Group2_WebService_Project/HealthAndFitness/src/java/com/HealthFitness/client/HealthFitnessClient.java</file>
            <file>file:/C:/(A)Faiz/UTHM/SEM%204/BIW21404%20-%20Teknologis%20Servis%20Web/Github%20Project/Group2_WebService_Project/HealthAndFitness/web/CBRCalculator.jsp</file>
            <file>file:/C:/(A)Faiz/UTHM/SEM%204/BIW21404%20-%20Teknologis%20Servis%20Web/Github%20Project/Group2_WebService_Project/HealthAndFitness/web/BFPCalculator.jsp</file>
            <file>file:/C:/(A)Faiz/UTHM/SEM%204/BIW21404%20-%20Teknologis%20Servis%20Web/Github%20Project/Group2_WebService_Project/HealthAndFitness/src/java/com/HealthFitness/client/MacroCalculatorClient.java</file>
        </group>
    </open-files>
</project-private>
