<?xml version="1.0" encoding="UTF-8" standalone="no"?>
<catalog xmlns="urn:oasis:names:tc:entity:xmlns:xml:catalog" prefer="system">
    <system systemId="http://localhost:8080/HealthAndFitnessService/BMICalculatorService?wsdl" uri="src/conf/xml-resources/web-service-references/BMICalculatorService/wsdl/localhost_8080/HealthAndFitnessService/BMICalculatorService.wsdl"/>
    <system systemId="http://localhost:8080/HealthAndFitnessService/BMICalculatorService?xsd=1" uri="src/conf/xml-resources/web-service-references/BMICalculatorService/wsdl/localhost_8080/HealthAndFitnessService/BMICalculatorService.xsd_1.xsd"/>
    <system systemId="http://localhost:8080/HealthAndFitnessService/CaloriesBurnRateService?wsdl" uri="src/conf/xml-resources/web-service-references/CaloriesBurnRateService/wsdl/localhost_8080/HealthAndFitnessService/CaloriesBurnRateService.wsdl"/>
    <system systemId="http://localhost:8080/HealthAndFitnessService/CaloriesBurnRateService?xsd=1" uri="src/conf/xml-resources/web-service-references/CaloriesBurnRateService/wsdl/localhost_8080/HealthAndFitnessService/CaloriesBurnRateService.xsd_1.xsd"/>
    <system systemId="http://localhost:8080/HealthAndFitnessService/BFPCalculatorServiceService?wsdl" uri="src/conf/xml-resources/web-service-references/BFPCalculatorServiceService/wsdl/localhost_8080/HealthAndFitnessService/BFPCalculatorServiceService.wsdl"/>
    <system systemId="http://localhost:8080/HealthAndFitnessService/BFPCalculatorServiceService?xsd=1" uri="src/conf/xml-resources/web-service-references/BFPCalculatorServiceService/wsdl/localhost_8080/HealthAndFitnessService/BFPCalculatorServiceService.xsd_1.xsd"/>
    <system systemId="http://localhost:8080/HealthAndFitnessService/SNECalculatorService?wsdl" uri="src/conf/xml-resources/web-service-references/SNECalculatorService/wsdl/localhost_8080/HealthAndFitnessService/SNECalculatorService.wsdl"/>
    <system systemId="http://localhost:8080/HealthAndFitnessService/SNECalculatorService?xsd=1" uri="src/conf/xml-resources/web-service-references/SNECalculatorService/wsdl/localhost_8080/HealthAndFitnessService/SNECalculatorService.xsd_1.xsd"/>
</catalog>