<?xml version="1.0" encoding="UTF-8"?>
<jax-ws xmlns="http://www.netbeans.org/ns/jax-ws/1">
  <services>
    <service name="BMICalculatorService">
      <implementation-class>com.BMIcalc.service.BMICalculatorService</implementation-class>
    </service>
    <service name="CaloriesBurnRateService">
      <implementation-class>com.caloriesBurnCalc.service.CaloriesBurnRateService</implementation-class>
    </service>
    <service name="BFPCalculatorService">
      <implementation-class>com.BFPcalc.service.BFPCalculatorService</implementation-class>
    </service>
    <service name="SNECalculatorService">
      <implementation-class>com.SNEcalc.service.SNECalculatorService</implementation-class>
    </service>
  </services>
  <clients>
    <client name="BMICalculatorService">
      <wsdl-url>http://localhost:8080/HealthAndFitnessService/BMICalculatorService?wsdl</wsdl-url>
      <local-wsdl-file>localhost_8080/HealthAndFitnessService/BMICalculatorService.wsdl</local-wsdl-file>
      <package-name forceReplace="true">com.BMIcalc.client</package-name>
      <catalog-file>catalog.xml</catalog-file>
      <wsimport-options>
        <wsimport-option>
          <wsimport-option-name>extension</wsimport-option-name>
          <wsimport-option-value>true</wsimport-option-value>
        </wsimport-option>
        <wsimport-option>
          <wsimport-option-name>verbose</wsimport-option-name>
          <wsimport-option-value>true</wsimport-option-value>
        </wsimport-option>
        <wsimport-option>
          <wsimport-option-name>fork</wsimport-option-name>
          <wsimport-option-value>false</wsimport-option-value>
        </wsimport-option>
        <wsimport-option>
          <wsimport-option-name>wsdlLocation</wsimport-option-name>
          <wsimport-option-value>http://localhost:8080/HealthAndFitnessService/BMICalculatorService?wsdl</wsimport-option-value>
        </wsimport-option>
        <wsimport-option>
          <wsimport-option-name>xnocompile</wsimport-option-name>
          <wsimport-option-value>true</wsimport-option-value>
        </wsimport-option>
        <wsimport-option>
          <wsimport-option-name>xendorsed</wsimport-option-name>
          <wsimport-option-value>true</wsimport-option-value>
        </wsimport-option>
        <wsimport-option>
          <wsimport-option-name>package</wsimport-option-name>
          <wsimport-option-value>com.BMIcalc.client</wsimport-option-value>
        </wsimport-option>
      </wsimport-options>
    </client>
    <client name="CaloriesBurnRateService">
      <wsdl-url>http://localhost:8080/HealthAndFitnessService/CaloriesBurnRateService?wsdl</wsdl-url>
      <local-wsdl-file>localhost_8080/HealthAndFitnessService/CaloriesBurnRateService.wsdl</local-wsdl-file>
      <package-name forceReplace="true">com.caloriesBurnCalc.client</package-name>
      <catalog-file>catalog.xml</catalog-file>
      <wsimport-options>
        <wsimport-option>
          <wsimport-option-name>extension</wsimport-option-name>
          <wsimport-option-value>true</wsimport-option-value>
        </wsimport-option>
        <wsimport-option>
          <wsimport-option-name>verbose</wsimport-option-name>
          <wsimport-option-value>true</wsimport-option-value>
        </wsimport-option>
        <wsimport-option>
          <wsimport-option-name>fork</wsimport-option-name>
          <wsimport-option-value>false</wsimport-option-value>
        </wsimport-option>
        <wsimport-option>
          <wsimport-option-name>wsdlLocation</wsimport-option-name>
          <wsimport-option-value>http://localhost:8080/HealthAndFitnessService/CaloriesBurnRateService?wsdl</wsimport-option-value>
        </wsimport-option>
        <wsimport-option>
          <wsimport-option-name>xnocompile</wsimport-option-name>
          <wsimport-option-value>true</wsimport-option-value>
        </wsimport-option>
        <wsimport-option>
          <wsimport-option-name>xendorsed</wsimport-option-name>
          <wsimport-option-value>true</wsimport-option-value>
        </wsimport-option>
        <wsimport-option>
          <wsimport-option-name>package</wsimport-option-name>
          <wsimport-option-value>com.caloriesBurnCalc.client</wsimport-option-value>
        </wsimport-option>
      </wsimport-options>
    </client>
    <client name="BFPCalculatorServiceService">
      <wsdl-url>http://localhost:8080/HealthAndFitnessService/BFPCalculatorServiceService?wsdl</wsdl-url>
      <local-wsdl-file>localhost_8080/HealthAndFitnessService/BFPCalculatorServiceService.wsdl</local-wsdl-file>
      <package-name forceReplace="true">com.BFPcalc.client</package-name>
      <catalog-file>catalog.xml</catalog-file>
      <wsimport-options>
        <wsimport-option>
          <wsimport-option-name>extension</wsimport-option-name>
          <wsimport-option-value>true</wsimport-option-value>
        </wsimport-option>
        <wsimport-option>
          <wsimport-option-name>verbose</wsimport-option-name>
          <wsimport-option-value>true</wsimport-option-value>
        </wsimport-option>
        <wsimport-option>
          <wsimport-option-name>fork</wsimport-option-name>
          <wsimport-option-value>false</wsimport-option-value>
        </wsimport-option>
        <wsimport-option>
          <wsimport-option-name>wsdlLocation</wsimport-option-name>
          <wsimport-option-value>http://localhost:8080/HealthAndFitnessService/BFPCalculatorServiceService?wsdl</wsimport-option-value>
        </wsimport-option>
        <wsimport-option>
          <wsimport-option-name>xnocompile</wsimport-option-name>
          <wsimport-option-value>true</wsimport-option-value>
        </wsimport-option>
        <wsimport-option>
          <wsimport-option-name>xendorsed</wsimport-option-name>
          <wsimport-option-value>true</wsimport-option-value>
        </wsimport-option>
        <wsimport-option>
          <wsimport-option-name>package</wsimport-option-name>
          <wsimport-option-value>com.BFPcalc.client</wsimport-option-value>
        </wsimport-option>
      </wsimport-options>
    </client>
    <client name="SNECalculatorService">
      <wsdl-url>http://localhost:8080/HealthAndFitnessService/SNECalculatorService?wsdl</wsdl-url>
      <local-wsdl-file>localhost_8080/HealthAndFitnessService/SNECalculatorService.wsdl</local-wsdl-file>
      <package-name forceReplace="true">com.SNEcalc.client</package-name>
      <catalog-file>catalog.xml</catalog-file>
      <wsimport-options>
        <wsimport-option>
          <wsimport-option-name>extension</wsimport-option-name>
          <wsimport-option-value>true</wsimport-option-value>
        </wsimport-option>
        <wsimport-option>
          <wsimport-option-name>verbose</wsimport-option-name>
          <wsimport-option-value>true</wsimport-option-value>
        </wsimport-option>
        <wsimport-option>
          <wsimport-option-name>fork</wsimport-option-name>
          <wsimport-option-value>false</wsimport-option-value>
        </wsimport-option>
        <wsimport-option>
          <wsimport-option-name>wsdlLocation</wsimport-option-name>
          <wsimport-option-value>http://localhost:8080/HealthAndFitnessService/SNECalculatorService?wsdl</wsimport-option-value>
        </wsimport-option>
        <wsimport-option>
          <wsimport-option-name>xnocompile</wsimport-option-name>
          <wsimport-option-value>true</wsimport-option-value>
        </wsimport-option>
        <wsimport-option>
          <wsimport-option-name>xendorsed</wsimport-option-name>
          <wsimport-option-value>true</wsimport-option-value>
        </wsimport-option>
        <wsimport-option>
          <wsimport-option-name>package</wsimport-option-name>
          <wsimport-option-value>com.SNEcalc.client</wsimport-option-value>
        </wsimport-option>
      </wsimport-options>
    </client>
  </clients>
</jax-ws>
