<?xml version="1.0" encoding="UTF-8"?><!--
        *** GENERATED FROM jax-ws.xml - DO NOT EDIT !                             ***
        *** TO MODIFY wsimport options USE Web Service node -> Edit WS Attributes ***
        *** TO CHANGE TARGETS GENERATED TO jaxws-build.xml COPY THOSE             ***
        *** TARGETS TO ../build.xml AND MODIFY THAT FILE INSTEAD                  ***

        --><project xmlns:xalan="http://xml.apache.org/xslt" xmlns:webproject2="http://www.netbeans.org/ns/web-project/2" xmlns:jaxws="http://www.netbeans.org/ns/jax-ws/1">
    <!--
                ===================
                JAX-WS WSGEN SECTION
                ===================
            -->
    <target name="wsgen-init" depends="init, -do-compile">
        <mkdir dir="${build.generated.sources.dir}/jax-ws/resources/"/>
        <mkdir dir="${build.classes.dir}"/>
        <mkdir dir="${build.classes.dir}/META-INF"/>
        <property name="j2ee.platform.wsgen.classpath" value="${libs.jaxws21.classpath}"/>
        <taskdef name="wsgen" classname="com.sun.tools.ws.ant.WsGen">
            <classpath path="${java.home}/../lib/tools.jar:${build.classes.dir}:${j2ee.platform.wsgen.classpath}:${javac.classpath}"/>
        </taskdef>
    </target>
    <target name="wsgen-BMICalculatorService" depends="wsgen-init">
        <copy todir="${build.classes.dir}/META-INF">
            <fileset dir="${webinf.dir}" includes="wsit-com.BMIcalc.service.BMICalculatorService.xml"/>
        </copy>
        <wsgen sourcedestdir="${build.generated.sources.dir}/jax-ws" resourcedestdir="${build.generated.sources.dir}/jax-ws/resources/" destdir="${build.generated.sources.dir}/jax-ws" verbose="true" keep="true" genwsdl="true" sei="com.BMIcalc.service.BMICalculatorService" xendorsed="true">
            <classpath path="${java.home}/../lib/tools.jar:${build.classes.dir}:${j2ee.platform.wsgen.classpath}:${javac.classpath}"/>
        </wsgen>
    </target>
    <target name="wsgen-CaloriesBurnRateService" depends="wsgen-init">
        <copy todir="${build.classes.dir}/META-INF">
            <fileset dir="${webinf.dir}" includes="wsit-com.caloriesBurnCalc.service.CaloriesBurnRateService.xml"/>
        </copy>
        <wsgen sourcedestdir="${build.generated.sources.dir}/jax-ws" resourcedestdir="${build.generated.sources.dir}/jax-ws/resources/" destdir="${build.generated.sources.dir}/jax-ws" verbose="true" keep="true" genwsdl="true" sei="com.caloriesBurnCalc.service.CaloriesBurnRateService" xendorsed="true">
            <classpath path="${java.home}/../lib/tools.jar:${build.classes.dir}:${j2ee.platform.wsgen.classpath}:${javac.classpath}"/>
        </wsgen>
    </target>
    <target name="wsgen-BFPCalculatorService" depends="wsgen-init">
        <copy todir="${build.classes.dir}/META-INF">
            <fileset dir="${webinf.dir}" includes="wsit-com.BFPcalc.service.BFPCalculatorService.xml"/>
        </copy>
        <wsgen sourcedestdir="${build.generated.sources.dir}/jax-ws" resourcedestdir="${build.generated.sources.dir}/jax-ws/resources/" destdir="${build.generated.sources.dir}/jax-ws" verbose="true" keep="true" genwsdl="true" sei="com.BFPcalc.service.BFPCalculatorService" xendorsed="true">
            <classpath path="${java.home}/../lib/tools.jar:${build.classes.dir}:${j2ee.platform.wsgen.classpath}:${javac.classpath}"/>
        </wsgen>
    </target>
    <target name="wsgen-SNECalculatorService" depends="wsgen-init">
        <copy todir="${build.classes.dir}/META-INF">
            <fileset dir="${webinf.dir}" includes="wsit-com.SNEcalc.service.SNECalculatorService.xml"/>
        </copy>
        <wsgen sourcedestdir="${build.generated.sources.dir}/jax-ws" resourcedestdir="${build.generated.sources.dir}/jax-ws/resources/" destdir="${build.generated.sources.dir}/jax-ws" verbose="true" keep="true" genwsdl="true" sei="com.SNEcalc.service.SNECalculatorService" xendorsed="true">
            <classpath path="${java.home}/../lib/tools.jar:${build.classes.dir}:${j2ee.platform.wsgen.classpath}:${javac.classpath}"/>
        </wsgen>
    </target>
    <!--
                ===================
                JAX-WS WSIMPORT SECTION
                ===================
            -->
    <target name="wsimport-init" depends="init">
        <fail if="${wsimport.bad.version}" message="WsImport ant task defined in the classpath ${j2ee.platform.wsimport.classpath} has a serious bug. See http://wiki.netbeans.org/MetroIssue for details."/>
        <mkdir dir="${build.generated.sources.dir}/jax-ws"/>
        <property name="j2ee.platform.wsimport.classpath" value="${libs.jaxws21.classpath}"/>
        <taskdef name="wsimport" classname="com.sun.tools.ws.ant.WsImport">
            <classpath path="${java.home}/../lib/tools.jar:${j2ee.platform.wsimport.classpath}:${javac.classpath}"/>
        </taskdef>
        <condition property="conf-dir" value="${conf.dir}/" else="">
            <isset property="conf.dir"/>
        </condition>
    </target>
    <target name="wsimport-client-BMICalculatorService" depends="wsimport-init">
        <mkdir dir="${build.generated.dir}/jax-wsCache/BMICalculatorService"/>
        <wsimport sourcedestdir="${build.generated.dir}/jax-wsCache/BMICalculatorService" destdir="${build.generated.dir}/jax-wsCache/BMICalculatorService" wsdl="${basedir}/${conf-dir}xml-resources/web-service-references/BMICalculatorService/wsdl/localhost_8080/HealthAndFitnessService/BMICalculatorService.wsdl" catalog="catalog.xml" encoding="${source.encoding}" extension="true" verbose="true" fork="false" wsdlLocation="http://localhost:8080/HealthAndFitnessService/BMICalculatorService?wsdl" xnocompile="true" xendorsed="true" package="com.BMIcalc.client">
            <depends file="${basedir}/${conf-dir}xml-resources/web-service-references/BMICalculatorService/wsdl/localhost_8080/HealthAndFitnessService/BMICalculatorService.wsdl"/>
            <produces dir="${build.generated.dir}/jax-wsCache/BMICalculatorService"/>
        </wsimport>
        <copy todir="${build.generated.sources.dir}/jax-ws">
            <fileset dir="${build.generated.dir}/jax-wsCache/BMICalculatorService">
                <include name="**/*.java"/>
            </fileset>
        </copy>
    </target>
    <target name="wsimport-client-clean-BMICalculatorService" depends="-init-project">
        <delete dir="${build.generated.sources.dir}/jax-ws/com/BMIcalc/client"/>
        <delete dir="${build.generated.dir}/jax-wsCache/BMICalculatorService"/>
    </target>
    <target name="wsimport-client-CaloriesBurnRateService" depends="wsimport-init">
        <mkdir dir="${build.generated.dir}/jax-wsCache/CaloriesBurnRateService"/>
        <wsimport sourcedestdir="${build.generated.dir}/jax-wsCache/CaloriesBurnRateService" destdir="${build.generated.dir}/jax-wsCache/CaloriesBurnRateService" wsdl="${basedir}/${conf-dir}xml-resources/web-service-references/CaloriesBurnRateService/wsdl/localhost_8080/HealthAndFitnessService/CaloriesBurnRateService.wsdl" catalog="catalog.xml" encoding="${source.encoding}" extension="true" verbose="true" fork="false" wsdlLocation="http://localhost:8080/HealthAndFitnessService/CaloriesBurnRateService?wsdl" xnocompile="true" xendorsed="true" package="com.caloriesBurnCalc.client">
            <depends file="${basedir}/${conf-dir}xml-resources/web-service-references/CaloriesBurnRateService/wsdl/localhost_8080/HealthAndFitnessService/CaloriesBurnRateService.wsdl"/>
            <produces dir="${build.generated.dir}/jax-wsCache/CaloriesBurnRateService"/>
        </wsimport>
        <copy todir="${build.generated.sources.dir}/jax-ws">
            <fileset dir="${build.generated.dir}/jax-wsCache/CaloriesBurnRateService">
                <include name="**/*.java"/>
            </fileset>
        </copy>
    </target>
    <target name="wsimport-client-clean-CaloriesBurnRateService" depends="-init-project">
        <delete dir="${build.generated.sources.dir}/jax-ws/com/caloriesBurnCalc/client"/>
        <delete dir="${build.generated.dir}/jax-wsCache/CaloriesBurnRateService"/>
    </target>
    <target name="wsimport-client-BFPCalculatorServiceService" depends="wsimport-init">
        <mkdir dir="${build.generated.dir}/jax-wsCache/BFPCalculatorServiceService"/>
        <wsimport sourcedestdir="${build.generated.dir}/jax-wsCache/BFPCalculatorServiceService" destdir="${build.generated.dir}/jax-wsCache/BFPCalculatorServiceService" wsdl="${basedir}/${conf-dir}xml-resources/web-service-references/BFPCalculatorServiceService/wsdl/localhost_8080/HealthAndFitnessService/BFPCalculatorServiceService.wsdl" catalog="catalog.xml" encoding="${source.encoding}" extension="true" verbose="true" fork="false" wsdlLocation="http://localhost:8080/HealthAndFitnessService/BFPCalculatorServiceService?wsdl" xnocompile="true" xendorsed="true" package="com.BFPcalc.client">
            <depends file="${basedir}/${conf-dir}xml-resources/web-service-references/BFPCalculatorServiceService/wsdl/localhost_8080/HealthAndFitnessService/BFPCalculatorServiceService.wsdl"/>
            <produces dir="${build.generated.dir}/jax-wsCache/BFPCalculatorServiceService"/>
        </wsimport>
        <copy todir="${build.generated.sources.dir}/jax-ws">
            <fileset dir="${build.generated.dir}/jax-wsCache/BFPCalculatorServiceService">
                <include name="**/*.java"/>
            </fileset>
        </copy>
    </target>
    <target name="wsimport-client-clean-BFPCalculatorServiceService" depends="-init-project">
        <delete dir="${build.generated.sources.dir}/jax-ws/com/BFPcalc/client"/>
        <delete dir="${build.generated.dir}/jax-wsCache/BFPCalculatorServiceService"/>
    </target>
    <target name="wsimport-client-SNECalculatorService" depends="wsimport-init">
        <mkdir dir="${build.generated.dir}/jax-wsCache/SNECalculatorService"/>
        <wsimport sourcedestdir="${build.generated.dir}/jax-wsCache/SNECalculatorService" destdir="${build.generated.dir}/jax-wsCache/SNECalculatorService" wsdl="${basedir}/${conf-dir}xml-resources/web-service-references/SNECalculatorService/wsdl/localhost_8080/HealthAndFitnessService/SNECalculatorService.wsdl" catalog="catalog.xml" encoding="${source.encoding}" extension="true" verbose="true" fork="false" wsdlLocation="http://localhost:8080/HealthAndFitnessService/SNECalculatorService?wsdl" xnocompile="true" xendorsed="true" package="com.SNEcalc.client">
            <depends file="${basedir}/${conf-dir}xml-resources/web-service-references/SNECalculatorService/wsdl/localhost_8080/HealthAndFitnessService/SNECalculatorService.wsdl"/>
            <produces dir="${build.generated.dir}/jax-wsCache/SNECalculatorService"/>
        </wsimport>
        <copy todir="${build.generated.sources.dir}/jax-ws">
            <fileset dir="${build.generated.dir}/jax-wsCache/SNECalculatorService">
                <include name="**/*.java"/>
            </fileset>
        </copy>
    </target>
    <target name="wsimport-client-clean-SNECalculatorService" depends="-init-project">
        <delete dir="${build.generated.sources.dir}/jax-ws/com/SNEcalc/client"/>
        <delete dir="${build.generated.dir}/jax-wsCache/SNECalculatorService"/>
    </target>
    <target name="wsimport-client-generate" depends="wsimport-client-BMICalculatorService, wsimport-client-CaloriesBurnRateService, wsimport-client-BFPCalculatorServiceService, wsimport-client-SNECalculatorService"/>
</project>
